timestamp_utc,archivo
2026-01-16T19:16:35.392129,monitoreo_satelital/blackbox_latest/2026-01-16/latest_20260116_191635.html
2026-01-16T19:18:41.264539,monitoreo_satelital/blackbox_latest/2026-01-16/latest_20260116_191841.html
2026-01-16T19:20:38.517531,monitoreo_satelital/blackbox_latest/2026-01-16/latest_20260116_192038.html
2026-01-16T19:22:34.353389,monitoreo_satelital/blackbox_latest/2026-01-16/latest_20260116_192234.html
2026-01-16T19:24:35.399464,monitoreo_satelital/blackbox_latest/2026-01-16/latest_20260116_192435.html
2026-01-16T19:26:36.760330,monitoreo_satelital/blackbox_latest/2026-01-16/latest_20260116_192636.html
2026-01-16T19:28:34.085025,monitoreo_satelital/blackbox_latest/2026-01-16/latest_20260116_192834.html
2026-01-16T19:30:39.223388,monitoreo_satelital/blackbox_latest/2026-01-16/latest_20260116_193039.html
2026-01-16T19:32:39.355637,monitoreo_satelital/blackbox_latest/2026-01-16/latest_20260116_193239.html
2026-01-16T19:34:36.956102,monitoreo_satelital/blackbox_latest/2026-01-16/latest_20260116_193436.html
2026-01-16T19:36:41.658231,monitoreo_satelital/blackbox_latest/2026-01-16/latest_20260116_193641.html
2026-01-16T19:38:35.836665,monitoreo_satelital/blackbox_latest/2026-01-16/latest_20260116_193835.html
2026-01-16T19:40:38.956256,monitoreo_satelital/blackbox_latest/2026-01-16/latest_20260116_194038.html
2026-01-16T19:42:34.547732,monitoreo_satelital/blackbox_latest/2026-01-16/latest_20260116_194234.html
2026-01-16T19:44:33.307197,monitoreo_satelital/blackbox_latest/2026-01-16/latest_20260116_194433.html
2026-01-16T19:46:35.665853,monitoreo_satelital/blackbox_latest/2026-01-16/latest_20260116_194635.html
2026-01-16T19:48:36.002173,monitoreo_satelital/blackbox_latest/2026-01-16/latest_20260116_194836.html
2026-01-16T19:50:38.421561,monitoreo_satelital/blackbox_latest/2026-01-16/latest_20260116_195038.html
2026-01-16T19:52:33.742053,monitoreo_satelital/blackbox_latest/2026-01-16/latest_20260116_195233.html
2026-01-16T19:54:32.638862,monitoreo_satelital/blackbox_latest/2026-01-16/latest_20260116_195432.html
2026-01-16T19:56:39.589198,monitoreo_satelital/blackbox_latest/2026-01-16/latest_20260116_195639.html
2026-01-16T19:58:36.895252,monitoreo_satelital/blackbox_latest/2026-01-16/latest_20260116_195836.html
2026-01-16T20:00:38.611987,monitoreo_satelital/blackbox_latest/2026-01-16/latest_20260116_200038.html
2026-01-16T20:02:36.870997,monitoreo_satelital/blackbox_latest/2026-01-16/latest_20260116_200236.html
2026-01-16T20:04:36.165334,monitoreo_satelital/blackbox_latest/2026-01-16/latest_20260116_200436.html
2026-01-16T20:06:35.711360,monitoreo_satelital/blackbox_latest/2026-01-16/latest_20260116_200635.html
2026-01-16T20:08:34.543873,monitoreo_satelital/blackbox_latest/2026-01-16/latest_20260116_200834.html
2026-01-16T20:10:39.218085,monitoreo_satelital/blackbox_latest/2026-01-16/latest_20260116_201039.html
2026-01-16T20:12:35.172860,monitoreo_satelital/blackbox_latest/2026-01-16/latest_20260116_201235.html
2026-01-16T20:14:35.847706,monitoreo_satelital/blackbox_latest/2026-01-16/latest_20260116_201435.html
2026-01-16T20:15:38.225238,monitoreo_satelital/blackbox_latest/2026-01-16/latest_20260116_201538.html
2026-01-16T20:16:34.902343,monitoreo_satelital/blackbox_latest/2026-01-16/latest_20260116_201634.html
2026-01-16T20:17:33.041551,monitoreo_satelital/blackbox_latest/2026-01-16/latest_20260116_201733.html
2026-01-16T20:18:34.699243,monitoreo_satelital/blackbox_latest/2026-01-16/latest_20260116_201834.html
2026-01-16T20:19:35.818443,monitoreo_satelital/blackbox_latest/2026-01-16/latest_20260116_201935.html
2026-01-16T20:20:36.829433,monitoreo_satelital/blackbox_latest/2026-01-16/latest_20260116_202036.html
2026-01-16T20:21:29.299878,monitoreo_satelital/blackbox_latest/2026-01-16/latest_20260116_202129.html
2026-01-16T20:22:34.557042,monitoreo_satelital/blackbox_latest/2026-01-16/latest_20260116_202234.html
2026-01-16T20:23:46.318296,monitoreo_satelital/blackbox_latest/2026-01-16/latest_20260116_202346.html
2026-01-16T20:24:37.663237,monitoreo_satelital/blackbox_latest/2026-01-16/latest_20260116_202437.html
2026-01-16T20:25:35.223304,monitoreo_satelital/blackbox_latest/2026-01-16/latest_20260116_202535.html
2026-01-16T20:26:35.260728,monitoreo_satelital/blackbox_latest/2026-01-16/latest_20260116_202635.html
2026-01-16T20:27:35.284405,monitoreo_satelital/blackbox_latest/2026-01-16/latest_20260116_202735.html
2026-01-16T20:28:35.982869,monitoreo_satelital/blackbox_latest/2026-01-16/latest_20260116_202835.html
2026-01-16T20:29:34.645035,monitoreo_satelital/blackbox_latest/2026-01-16/latest_20260116_202934.html
2026-01-16T20:30:40.024364,monitoreo_satelital/blackbox_latest/2026-01-16/latest_20260116_203040.html
2026-01-16T20:31:31.857661,monitoreo_satelital/blackbox_latest/2026-01-16/latest_20260116_203131.html
2026-01-16T20:32:37.821360,monitoreo_satelital/blackbox_latest/2026-01-16/latest_20260116_203237.html
2026-01-16T20:33:33.751000,monitoreo_satelital/blackbox_latest/2026-01-16/latest_20260116_203333.html
2026-01-16T20:34:36.585245,monitoreo_satelital/blackbox_latest/2026-01-16/latest_20260116_203436.html
2026-01-16T20:35:35.160595,monitoreo_satelital/blackbox_latest/2026-01-16/latest_20260116_203535.html
2026-01-16T20:36:35.022860,monitoreo_satelital/blackbox_latest/2026-01-16/latest_20260116_203635.html
2026-01-16T20:37:33.719569,monitoreo_satelital/blackbox_latest/2026-01-16/latest_20260116_203733.html
2026-01-16T20:38:39.168257,monitoreo_satelital/blackbox_latest/2026-01-16/latest_20260116_203839.html
2026-01-16T20:39:36.787984,monitoreo_satelital/blackbox_latest/2026-01-16/latest_20260116_203936.html
2026-01-16T20:40:36.341815,monitoreo_satelital/blackbox_latest/2026-01-16/latest_20260116_204036.html
2026-01-16T20:41:33.659197,monitoreo_satelital/blackbox_latest/2026-01-16/latest_20260116_204133.html
2026-01-16T20:42:36.100318,monitoreo_satelital/blackbox_latest/2026-01-16/latest_20260116_204236.html
2026-01-16T20:43:34.973235,monitoreo_satelital/blackbox_latest/2026-01-16/latest_20260116_204334.html
2026-01-16T20:44:35.401147,monitoreo_satelital/blackbox_latest/2026-01-16/latest_20260116_204435.html
2026-01-16T20:45:35.768202,monitoreo_satelital/blackbox_latest/2026-01-16/latest_20260116_204535.html
2026-01-16T20:46:33.203259,monitoreo_satelital/blackbox_latest/2026-01-16/latest_20260116_204633.html
2026-01-16T20:47:37.337923,monitoreo_satelital/blackbox_latest/2026-01-16/latest_20260116_204737.html
2026-01-16T20:48:32.780867,monitoreo_satelital/blackbox_latest/2026-01-16/latest_20260116_204832.html
2026-01-16T20:49:34.233881,monitoreo_satelital/blackbox_latest/2026-01-16/latest_20260116_204934.html
2026-01-16T20:50:35.981166,monitoreo_satelital/blackbox_latest/2026-01-16/latest_20260116_205035.html
2026-01-16T20:51:36.202960,monitoreo_satelital/blackbox_latest/2026-01-16/latest_20260116_205136.html
2026-01-16T20:52:33.975011,monitoreo_satelital/blackbox_latest/2026-01-16/latest_20260116_205233.html
2026-01-16T20:53:36.344478,monitoreo_satelital/blackbox_latest/2026-01-16/latest_20260116_205336.html
2026-01-16T20:54:32.397806,monitoreo_satelital/blackbox_latest/2026-01-16/latest_20260116_205432.html
2026-01-16T20:55:36.274321,monitoreo_satelital/blackbox_latest/2026-01-16/latest_20260116_205536.html
2026-01-16T20:56:36.380038,monitoreo_satelital/blackbox_latest/2026-01-16/latest_20260116_205636.html
2026-01-16T20:57:37.061172,monitoreo_satelital/blackbox_latest/2026-01-16/latest_20260116_205737.html
2026-01-16T20:58:35.045100,monitoreo_satelital/blackbox_latest/2026-01-16/latest_20260116_205835.html
2026-01-16T20:59:37.283951,monitoreo_satelital/blackbox_latest/2026-01-16/latest_20260116_205937.html
2026-01-16T21:00:37.860717,monitoreo_satelital/blackbox_latest/2026-01-16/latest_20260116_210037.html
2026-01-16T21:01:37.269916,monitoreo_satelital/blackbox_latest/2026-01-16/latest_20260116_210137.html
2026-01-16T21:02:34.170098,monitoreo_satelital/blackbox_latest/2026-01-16/latest_20260116_210234.html
2026-01-16T21:03:33.471420,monitoreo_satelital/blackbox_latest/2026-01-16/latest_20260116_210333.html
2026-01-16T21:04:35.647564,monitoreo_satelital/blackbox_latest/2026-01-16/latest_20260116_210435.html
2026-01-16T21:05:37.908077,monitoreo_satelital/blackbox_latest/2026-01-16/latest_20260116_210537.html
2026-01-16T21:06:36.689760,monitoreo_satelital/blackbox_latest/2026-01-16/latest_20260116_210636.html
2026-01-16T21:07:32.582779,monitoreo_satelital/blackbox_latest/2026-01-16/latest_20260116_210732.html
2026-01-16T21:08:35.243159,monitoreo_satelital/blackbox_latest/2026-01-16/latest_20260116_210835.html
2026-01-16T21:09:46.427709,monitoreo_satelital/blackbox_latest/2026-01-16/latest_20260116_210946.html
2026-01-16T21:10:38.986904,monitoreo_satelital/blackbox_latest/2026-01-16/latest_20260116_211038.html
2026-01-16T21:11:36.269001,monitoreo_satelital/blackbox_latest/2026-01-16/latest_20260116_211136.html
2026-01-16T21:12:31.038521,monitoreo_satelital/blackbox_latest/2026-01-16/latest_20260116_211231.html
2026-01-16T21:13:34.983225,monitoreo_satelital/blackbox_latest/2026-01-16/latest_20260116_211334.html
2026-01-16T21:14:34.528102,monitoreo_satelital/blackbox_latest/2026-01-16/latest_20260116_211434.html
2026-01-16T21:15:36.369496,monitoreo_satelital/blackbox_latest/2026-01-16/latest_20260116_211536.html
2026-01-16T21:16:35.529323,monitoreo_satelital/blackbox_latest/2026-01-16/latest_20260116_211635.html
2026-01-16T21:17:37.584937,monitoreo_satelital/blackbox_latest/2026-01-16/latest_20260116_211737.html
2026-01-16T21:18:35.702467,monitoreo_satelital/blackbox_latest/2026-01-16/latest_20260116_211835.html
2026-01-16T21:19:36.567327,monitoreo_satelital/blackbox_latest/2026-01-16/latest_20260116_211936.html
2026-01-16T21:20:36.274982,monitoreo_satelital/blackbox_latest/2026-01-16/latest_20260116_212036.html
2026-01-16T21:21:37.423685,monitoreo_satelital/blackbox_latest/2026-01-16/latest_20260116_212137.html
2026-01-16T21:23:43.520976,monitoreo_satelital/blackbox_latest/2026-01-16/latest_20260116_212343.html
2026-01-16T21:24:33.749763,monitoreo_satelital/blackbox_latest/2026-01-16/latest_20260116_212433.html
2026-01-16T21:25:38.509205,monitoreo_satelital/blackbox_latest/2026-01-16/latest_20260116_212538.html
2026-01-16T21:26:33.097888,monitoreo_satelital/blackbox_latest/2026-01-16/latest_20260116_212633.html
2026-01-16T21:27:34.150419,monitoreo_satelital/blackbox_latest/2026-01-16/latest_20260116_212734.html
2026-01-16T21:28:34.378541,monitoreo_satelital/blackbox_latest/2026-01-16/latest_20260116_212834.html
2026-01-16T21:29:34.557464,monitoreo_satelital/blackbox_latest/2026-01-16/latest_20260116_212934.html
2026-01-16T21:30:37.302837,monitoreo_satelital/blackbox_latest/2026-01-16/latest_20260116_213037.html
2026-01-16T21:31:35.099421,monitoreo_satelital/blackbox_latest/2026-01-16/latest_20260116_213135.html
2026-01-16T21:32:33.374979,monitoreo_satelital/blackbox_latest/2026-01-16/latest_20260116_213233.html
2026-01-16T21:33:32.756753,monitoreo_satelital/blackbox_latest/2026-01-16/latest_20260116_213332.html
2026-01-16T21:34:32.973667,monitoreo_satelital/blackbox_latest/2026-01-16/latest_20260116_213432.html
2026-01-16T21:35:32.272168,monitoreo_satelital/blackbox_latest/2026-01-16/latest_20260116_213532.html
2026-01-16T21:36:32.442310,monitoreo_satelital/blackbox_latest/2026-01-16/latest_20260116_213632.html
2026-01-16T21:37:32.168363,monitoreo_satelital/blackbox_latest/2026-01-16/latest_20260116_213732.html
2026-01-16T21:38:33.958388,monitoreo_satelital/blackbox_latest/2026-01-16/latest_20260116_213833.html
2026-01-16T21:39:35.543926,monitoreo_satelital/blackbox_latest/2026-01-16/latest_20260116_213935.html
2026-01-16T21:40:38.127139,monitoreo_satelital/blackbox_latest/2026-01-16/latest_20260116_214038.html
2026-01-16T21:41:35.442218,monitoreo_satelital/blackbox_latest/2026-01-16/latest_20260116_214135.html
2026-01-16T21:42:37.369374,monitoreo_satelital/blackbox_latest/2026-01-16/latest_20260116_214237.html
2026-01-16T21:43:36.681342,monitoreo_satelital/blackbox_latest/2026-01-16/latest_20260116_214336.html
2026-01-16T21:44:36.120330,monitoreo_satelital/blackbox_latest/2026-01-16/latest_20260116_214436.html
2026-01-16T21:45:39.735829,monitoreo_satelital/blackbox_latest/2026-01-16/latest_20260116_214539.html
2026-01-16T21:46:35.034972,monitoreo_satelital/blackbox_latest/2026-01-16/latest_20260116_214635.html
2026-01-16T21:47:34.695495,monitoreo_satelital/blackbox_latest/2026-01-16/latest_20260116_214734.html
2026-01-16T21:48:35.414737,monitoreo_satelital/blackbox_latest/2026-01-16/latest_20260116_214835.html
2026-01-16T21:49:40.350286,monitoreo_satelital/blackbox_latest/2026-01-16/latest_20260116_214940.html
2026-01-16T21:50:37.561807,monitoreo_satelital/blackbox_latest/2026-01-16/latest_20260116_215037.html
2026-01-16T21:51:31.745307,monitoreo_satelital/blackbox_latest/2026-01-16/latest_20260116_215131.html
2026-01-16T21:52:33.844987,monitoreo_satelital/blackbox_latest/2026-01-16/latest_20260116_215233.html
2026-01-16T21:53:35.517953,monitoreo_satelital/blackbox_latest/2026-01-16/latest_20260116_215335.html
2026-01-16T21:54:33.110959,monitoreo_satelital/blackbox_latest/2026-01-16/latest_20260116_215433.html
2026-01-16T21:55:35.993004,monitoreo_satelital/blackbox_latest/2026-01-16/latest_20260116_215535.html
2026-01-16T21:56:38.174949,monitoreo_satelital/blackbox_latest/2026-01-16/latest_20260116_215638.html
2026-01-16T21:57:31.947794,monitoreo_satelital/blackbox_latest/2026-01-16/latest_20260116_215731.html
2026-01-16T21:58:35.071110,monitoreo_satelital/blackbox_latest/2026-01-16/latest_20260116_215835.html
2026-01-16T21:59:32.273503,monitoreo_satelital/blackbox_latest/2026-01-16/latest_20260116_215932.html
2026-01-16T22:00:41.021807,monitoreo_satelital/blackbox_latest/2026-01-16/latest_20260116_220041.html
2026-01-16T22:01:33.134624,monitoreo_satelital/blackbox_latest/2026-01-16/latest_20260116_220133.html
2026-01-16T22:02:38.208826,monitoreo_satelital/blackbox_latest/2026-01-16/latest_20260116_220238.html
2026-01-16T22:03:34.208897,monitoreo_satelital/blackbox_latest/2026-01-16/latest_20260116_220334.html
2026-01-16T22:04:36.485158,monitoreo_satelital/blackbox_latest/2026-01-16/latest_20260116_220436.html
2026-01-16T22:05:34.009376,monitoreo_satelital/blackbox_latest/2026-01-16/latest_20260116_220534.html
2026-01-16T22:06:37.855203,monitoreo_satelital/blackbox_latest/2026-01-16/latest_20260116_220637.html
2026-01-16T22:07:37.035751,monitoreo_satelital/blackbox_latest/2026-01-16/latest_20260116_220737.html
2026-01-16T22:08:33.698159,monitoreo_satelital/blackbox_latest/2026-01-16/latest_20260116_220833.html
2026-01-16T22:09:34.883033,monitoreo_satelital/blackbox_latest/2026-01-16/latest_20260116_220934.html
2026-01-16T22:10:36.581975,monitoreo_satelital/blackbox_latest/2026-01-16/latest_20260116_221036.html
2026-01-16T22:11:34.426926,monitoreo_satelital/blackbox_latest/2026-01-16/latest_20260116_221134.html
2026-01-16T22:12:33.142918,monitoreo_satelital/blackbox_latest/2026-01-16/latest_20260116_221233.html
2026-01-16T22:13:32.524036,monitoreo_satelital/blackbox_latest/2026-01-16/latest_20260116_221332.html
2026-01-16T22:14:30.405354,monitoreo_satelital/blackbox_latest/2026-01-16/latest_20260116_221430.html
2026-01-16T22:15:37.048002,monitoreo_satelital/blackbox_latest/2026-01-16/latest_20260116_221537.html
2026-01-16T22:16:36.338032,monitoreo_satelital/blackbox_latest/2026-01-16/latest_20260116_221636.html
2026-01-16T22:17:35.932185,monitoreo_satelital/blackbox_latest/2026-01-16/latest_20260116_221735.html
2026-01-16T22:18:34.697699,monitoreo_satelital/blackbox_latest/2026-01-16/latest_20260116_221834.html
2026-01-16T22:19:34.564446,monitoreo_satelital/blackbox_latest/2026-01-16/latest_20260116_221934.html
2026-01-16T22:20:38.503274,monitoreo_satelital/blackbox_latest/2026-01-16/latest_20260116_222038.html
2026-01-16T22:21:39.837253,monitoreo_satelital/blackbox_latest/2026-01-16/latest_20260116_222139.html
2026-01-16T22:22:32.222140,monitoreo_satelital/blackbox_latest/2026-01-16/latest_20260116_222232.html
2026-01-16T22:23:33.393634,monitoreo_satelital/blackbox_latest/2026-01-16/latest_20260116_222333.html
2026-01-16T22:24:37.979975,monitoreo_satelital/blackbox_latest/2026-01-16/latest_20260116_222437.html
2026-01-16T22:25:37.002539,monitoreo_satelital/blackbox_latest/2026-01-16/latest_20260116_222537.html
2026-01-16T22:26:34.842596,monitoreo_satelital/blackbox_latest/2026-01-16/latest_20260116_222634.html
2026-01-16T22:27:35.695712,monitoreo_satelital/blackbox_latest/2026-01-16/latest_20260116_222735.html
2026-01-16T22:28:38.412104,monitoreo_satelital/blackbox_latest/2026-01-16/latest_20260116_222838.html
2026-01-16T22:29:38.475010,monitoreo_satelital/blackbox_latest/2026-01-16/latest_20260116_222938.html
2026-01-16T22:30:41.043078,monitoreo_satelital/blackbox_latest/2026-01-16/latest_20260116_223041.html
2026-01-16T22:31:33.137305,monitoreo_satelital/blackbox_latest/2026-01-16/latest_20260116_223133.html
2026-01-16T22:32:38.093798,monitoreo_satelital/blackbox_latest/2026-01-16/latest_20260116_223238.html
2026-01-16T22:33:33.312731,monitoreo_satelital/blackbox_latest/2026-01-16/latest_20260116_223333.html
2026-01-16T22:34:31.929305,monitoreo_satelital/blackbox_latest/2026-01-16/latest_20260116_223431.html
2026-01-16T22:35:35.312035,monitoreo_satelital/blackbox_latest/2026-01-16/latest_20260116_223535.html
2026-01-16T22:36:30.734787,monitoreo_satelital/blackbox_latest/2026-01-16/latest_20260116_223630.html
2026-01-16T22:37:34.267002,monitoreo_satelital/blackbox_latest/2026-01-16/latest_20260116_223734.html
2026-01-16T22:38:32.911760,monitoreo_satelital/blackbox_latest/2026-01-16/latest_20260116_223832.html
2026-01-16T22:39:33.042963,monitoreo_satelital/blackbox_latest/2026-01-16/latest_20260116_223933.html
2026-01-16T22:40:37.059567,monitoreo_satelital/blackbox_latest/2026-01-16/latest_20260116_224037.html
2026-01-16T22:41:34.300543,monitoreo_satelital/blackbox_latest/2026-01-16/latest_20260116_224134.html
2026-01-16T22:42:34.256426,monitoreo_satelital/blackbox_latest/2026-01-16/latest_20260116_224234.html
2026-01-16T22:43:33.502524,monitoreo_satelital/blackbox_latest/2026-01-16/latest_20260116_224333.html
2026-01-16T22:44:35.644675,monitoreo_satelital/blackbox_latest/2026-01-16/latest_20260116_224435.html
2026-01-16T22:45:40.304116,monitoreo_satelital/blackbox_latest/2026-01-16/latest_20260116_224540.html
2026-01-16T22:46:36.561980,monitoreo_satelital/blackbox_latest/2026-01-16/latest_20260116_224636.html
2026-01-16T22:47:33.095957,monitoreo_satelital/blackbox_latest/2026-01-16/latest_20260116_224733.html
2026-01-16T22:48:33.256656,monitoreo_satelital/blackbox_latest/2026-01-16/latest_20260116_224833.html
2026-01-16T22:49:35.915182,monitoreo_satelital/blackbox_latest/2026-01-16/latest_20260116_224935.html
2026-01-16T22:50:34.331620,monitoreo_satelital/blackbox_latest/2026-01-16/latest_20260116_225034.html
2026-01-16T22:51:34.090511,monitoreo_satelital/blackbox_latest/2026-01-16/latest_20260116_225134.html
2026-01-16T22:52:32.398452,monitoreo_satelital/blackbox_latest/2026-01-16/latest_20260116_225232.html
2026-01-16T22:53:37.309238,monitoreo_satelital/blackbox_latest/2026-01-16/latest_20260116_225337.html
2026-01-16T22:54:36.877624,monitoreo_satelital/blackbox_latest/2026-01-16/latest_20260116_225436.html
2026-01-16T22:55:37.495006,monitoreo_satelital/blackbox_latest/2026-01-16/latest_20260116_225537.html
2026-01-16T22:56:33.123744,monitoreo_satelital/blackbox_latest/2026-01-16/latest_20260116_225633.html
2026-01-16T22:57:34.928548,monitoreo_satelital/blackbox_latest/2026-01-16/latest_20260116_225734.html
2026-01-16T22:58:35.867144,monitoreo_satelital/blackbox_latest/2026-01-16/latest_20260116_225835.html
2026-01-16T22:59:30.795788,monitoreo_satelital/blackbox_latest/2026-01-16/latest_20260116_225930.html
2026-01-16T23:00:38.739857,monitoreo_satelital/blackbox_latest/2026-01-16/latest_20260116_230038.html
2026-01-16T23:01:32.419056,monitoreo_satelital/blackbox_latest/2026-01-16/latest_20260116_230132.html
2026-01-16T23:02:35.333825,monitoreo_satelital/blackbox_latest/2026-01-16/latest_20260116_230235.html
2026-01-16T23:03:32.915899,monitoreo_satelital/blackbox_latest/2026-01-16/latest_20260116_230332.html
2026-01-16T23:04:50.686636,monitoreo_satelital/blackbox_latest/2026-01-16/latest_20260116_230450.html
2026-01-16T23:05:38.786994,monitoreo_satelital/blackbox_latest/2026-01-16/latest_20260116_230538.html
2026-01-16T23:06:34.531530,monitoreo_satelital/blackbox_latest/2026-01-16/latest_20260116_230634.html
2026-01-16T23:07:32.674108,monitoreo_satelital/blackbox_latest/2026-01-16/latest_20260116_230732.html
2026-01-16T23:08:36.144104,monitoreo_satelital/blackbox_latest/2026-01-16/latest_20260116_230836.html
2026-01-16T23:09:34.919985,monitoreo_satelital/blackbox_latest/2026-01-16/latest_20260116_230934.html
2026-01-16T23:10:35.123058,monitoreo_satelital/blackbox_latest/2026-01-16/latest_20260116_231035.html
2026-01-16T23:11:35.600497,monitoreo_satelital/blackbox_latest/2026-01-16/latest_20260116_231135.html
2026-01-16T23:12:32.835236,monitoreo_satelital/blackbox_latest/2026-01-16/latest_20260116_231232.html
2026-01-16T23:13:38.086683,monitoreo_satelital/blackbox_latest/2026-01-16/latest_20260116_231338.html
2026-01-16T23:14:34.973274,monitoreo_satelital/blackbox_latest/2026-01-16/latest_20260116_231434.html
2026-01-16T23:15:39.034332,monitoreo_satelital/blackbox_latest/2026-01-16/latest_20260116_231539.html
2026-01-16T23:16:33.415278,monitoreo_satelital/blackbox_latest/2026-01-16/latest_20260116_231633.html
2026-01-16T23:17:37.957713,monitoreo_satelital/blackbox_latest/2026-01-16/latest_20260116_231737.html
2026-01-16T23:18:37.056546,monitoreo_satelital/blackbox_latest/2026-01-16/latest_20260116_231837.html
2026-01-16T23:19:30.928751,monitoreo_satelital/blackbox_latest/2026-01-16/latest_20260116_231930.html
2026-01-16T23:20:38.102362,monitoreo_satelital/blackbox_latest/2026-01-16/latest_20260116_232038.html
2026-01-16T23:21:34.998493,monitoreo_satelital/blackbox_latest/2026-01-16/latest_20260116_232134.html
2026-01-16T23:22:34.610879,monitoreo_satelital/blackbox_latest/2026-01-16/latest_20260116_232234.html
2026-01-16T23:23:36.756758,monitoreo_satelital/blackbox_latest/2026-01-16/latest_20260116_232336.html
2026-01-16T23:24:32.909920,monitoreo_satelital/blackbox_latest/2026-01-16/latest_20260116_232432.html
2026-01-16T23:25:35.551370,monitoreo_satelital/blackbox_latest/2026-01-16/latest_20260116_232535.html
2026-01-16T23:26:33.171277,monitoreo_satelital/blackbox_latest/2026-01-16/latest_20260116_232633.html
2026-01-16T23:27:35.069620,monitoreo_satelital/blackbox_latest/2026-01-16/latest_20260116_232735.html
2026-01-16T23:28:31.811703,monitoreo_satelital/blackbox_latest/2026-01-16/latest_20260116_232831.html
2026-01-16T23:29:37.671970,monitoreo_satelital/blackbox_latest/2026-01-16/latest_20260116_232937.html
2026-01-16T23:30:37.241314,monitoreo_satelital/blackbox_latest/2026-01-16/latest_20260116_233037.html
2026-01-16T23:31:34.249835,monitoreo_satelital/blackbox_latest/2026-01-16/latest_20260116_233134.html
2026-01-16T23:32:34.244946,monitoreo_satelital/blackbox_latest/2026-01-16/latest_20260116_233234.html
2026-01-16T23:33:34.890776,monitoreo_satelital/blackbox_latest/2026-01-16/latest_20260116_233334.html
2026-01-16T23:34:35.938140,monitoreo_satelital/blackbox_latest/2026-01-16/latest_20260116_233435.html
2026-01-16T23:35:35.372054,monitoreo_satelital/blackbox_latest/2026-01-16/latest_20260116_233535.html
2026-01-16T23:36:34.777611,monitoreo_satelital/blackbox_latest/2026-01-16/latest_20260116_233634.html
2026-01-16T23:37:31.880253,monitoreo_satelital/blackbox_latest/2026-01-16/latest_20260116_233731.html
2026-01-16T23:38:35.708424,monitoreo_satelital/blackbox_latest/2026-01-16/latest_20260116_233835.html
2026-01-16T23:39:35.407736,monitoreo_satelital/blackbox_latest/2026-01-16/latest_20260116_233935.html
2026-01-16T23:40:36.074552,monitoreo_satelital/blackbox_latest/2026-01-16/latest_20260116_234036.html
2026-01-16T23:41:32.927227,monitoreo_satelital/blackbox_latest/2026-01-16/latest_20260116_234132.html
2026-01-16T23:42:34.213459,monitoreo_satelital/blackbox_latest/2026-01-16/latest_20260116_234234.html
2026-01-16T23:43:36.724600,monitoreo_satelital/blackbox_latest/2026-01-16/latest_20260116_234336.html
2026-01-16T23:44:34.192198,monitoreo_satelital/blackbox_latest/2026-01-16/latest_20260116_234434.html
2026-01-16T23:45:37.556135,monitoreo_satelital/blackbox_latest/2026-01-16/latest_20260116_234537.html
2026-01-16T23:46:36.927671,monitoreo_satelital/blackbox_latest/2026-01-16/latest_20260116_234636.html
2026-01-16T23:47:28.908641,monitoreo_satelital/blackbox_latest/2026-01-16/latest_20260116_234728.html
2026-01-16T23:48:33.594625,monitoreo_satelital/blackbox_latest/2026-01-16/latest_20260116_234833.html
2026-01-16T23:49:32.929059,monitoreo_satelital/blackbox_latest/2026-01-16/latest_20260116_234932.html
2026-01-16T23:50:40.165838,monitoreo_satelital/blackbox_latest/2026-01-16/latest_20260116_235040.html
2026-01-16T23:51:33.190353,monitoreo_satelital/blackbox_latest/2026-01-16/latest_20260116_235133.html
2026-01-16T23:52:31.742383,monitoreo_satelital/blackbox_latest/2026-01-16/latest_20260116_235231.html
2026-01-16T23:53:33.662538,monitoreo_satelital/blackbox_latest/2026-01-16/latest_20260116_235333.html
2026-01-16T23:54:36.597727,monitoreo_satelital/blackbox_latest/2026-01-16/latest_20260116_235436.html
2026-01-16T23:55:35.637209,monitoreo_satelital/blackbox_latest/2026-01-16/latest_20260116_235535.html
2026-01-16T23:56:33.824349,monitoreo_satelital/blackbox_latest/2026-01-16/latest_20260116_235633.html
2026-01-16T23:57:34.232867,monitoreo_satelital/blackbox_latest/2026-01-16/latest_20260116_235734.html
2026-01-16T23:58:34.765922,monitoreo_satelital/blackbox_latest/2026-01-16/latest_20260116_235834.html
2026-01-16T23:59:34.169255,monitoreo_satelital/blackbox_latest/2026-01-16/latest_20260116_235934.html
2026-01-17T00:00:42.321120,monitoreo_satelital/blackbox_latest/2026-01-17/latest_20260117_000042.html
2026-01-17T00:01:31.939546,monitoreo_satelital/blackbox_latest/2026-01-17/latest_20260117_000131.html
2026-01-17T00:02:34.575386,monitoreo_satelital/blackbox_latest/2026-01-17/latest_20260117_000234.html
2026-01-17T00:03:37.956049,monitoreo_satelital/blackbox_latest/2026-01-17/latest_20260117_000337.html
2026-01-17T00:04:34.571847,monitoreo_satelital/blackbox_latest/2026-01-17/latest_20260117_000434.html
2026-01-17T00:05:37.891512,monitoreo_satelital/blackbox_latest/2026-01-17/latest_20260117_000537.html
2026-01-17T00:06:35.037331,monitoreo_satelital/blackbox_latest/2026-01-17/latest_20260117_000635.html
2026-01-17T00:07:35.247243,monitoreo_satelital/blackbox_latest/2026-01-17/latest_20260117_000735.html
2026-01-17T00:08:37.479420,monitoreo_satelital/blackbox_latest/2026-01-17/latest_20260117_000837.html
2026-01-17T00:09:38.074458,monitoreo_satelital/blackbox_latest/2026-01-17/latest_20260117_000938.html
2026-01-17T00:10:37.325183,monitoreo_satelital/blackbox_latest/2026-01-17/latest_20260117_001037.html
2026-01-17T00:11:34.014507,monitoreo_satelital/blackbox_latest/2026-01-17/latest_20260117_001134.html
2026-01-17T00:12:36.087573,monitoreo_satelital/blackbox_latest/2026-01-17/latest_20260117_001236.html
2026-01-17T00:13:35.557789,monitoreo_satelital/blackbox_latest/2026-01-17/latest_20260117_001335.html
2026-01-17T00:14:35.343628,monitoreo_satelital/blackbox_latest/2026-01-17/latest_20260117_001435.html
2026-01-17T00:15:35.244939,monitoreo_satelital/blackbox_latest/2026-01-17/latest_20260117_001535.html
2026-01-17T00:16:33.951178,monitoreo_satelital/blackbox_latest/2026-01-17/latest_20260117_001633.html
2026-01-17T00:17:35.891321,monitoreo_satelital/blackbox_latest/2026-01-17/latest_20260117_001735.html
2026-01-17T00:18:36.972384,monitoreo_satelital/blackbox_latest/2026-01-17/latest_20260117_001836.html
2026-01-17T00:19:35.771472,monitoreo_satelital/blackbox_latest/2026-01-17/latest_20260117_001935.html
2026-01-17T00:20:35.757760,monitoreo_satelital/blackbox_latest/2026-01-17/latest_20260117_002035.html
2026-01-17T00:21:35.131471,monitoreo_satelital/blackbox_latest/2026-01-17/latest_20260117_002135.html
2026-01-17T00:22:34.087903,monitoreo_satelital/blackbox_latest/2026-01-17/latest_20260117_002234.html
2026-01-17T00:23:35.991421,monitoreo_satelital/blackbox_latest/2026-01-17/latest_20260117_002335.html
2026-01-17T00:24:34.452395,monitoreo_satelital/blackbox_latest/2026-01-17/latest_20260117_002434.html
2026-01-17T00:25:36.378830,monitoreo_satelital/blackbox_latest/2026-01-17/latest_20260117_002536.html
2026-01-17T00:26:36.018488,monitoreo_satelital/blackbox_latest/2026-01-17/latest_20260117_002636.html
2026-01-17T00:27:33.898110,monitoreo_satelital/blackbox_latest/2026-01-17/latest_20260117_002733.html
2026-01-17T00:28:36.064437,monitoreo_satelital/blackbox_latest/2026-01-17/latest_20260117_002836.html
2026-01-17T00:29:34.085626,monitoreo_satelital/blackbox_latest/2026-01-17/latest_20260117_002934.html
2026-01-17T00:30:42.019864,monitoreo_satelital/blackbox_latest/2026-01-17/latest_20260117_003042.html
2026-01-17T00:31:34.372854,monitoreo_satelital/blackbox_latest/2026-01-17/latest_20260117_003134.html
2026-01-17T00:32:34.433511,monitoreo_satelital/blackbox_latest/2026-01-17/latest_20260117_003234.html
2026-01-17T00:33:32.807069,monitoreo_satelital/blackbox_latest/2026-01-17/latest_20260117_003332.html
2026-01-17T00:34:35.576915,monitoreo_satelital/blackbox_latest/2026-01-17/latest_20260117_003435.html
2026-01-17T00:35:35.018541,monitoreo_satelital/blackbox_latest/2026-01-17/latest_20260117_003535.html
2026-01-17T00:36:33.070257,monitoreo_satelital/blackbox_latest/2026-01-17/latest_20260117_003633.html
2026-01-17T00:37:36.236475,monitoreo_satelital/blackbox_latest/2026-01-17/latest_20260117_003736.html
2026-01-17T00:38:36.496062,monitoreo_satelital/blackbox_latest/2026-01-17/latest_20260117_003836.html
2026-01-17T00:39:35.269139,monitoreo_satelital/blackbox_latest/2026-01-17/latest_20260117_003935.html
2026-01-17T00:40:38.885473,monitoreo_satelital/blackbox_latest/2026-01-17/latest_20260117_004038.html
2026-01-17T00:41:36.536146,monitoreo_satelital/blackbox_latest/2026-01-17/latest_20260117_004136.html
2026-01-17T00:42:36.532281,monitoreo_satelital/blackbox_latest/2026-01-17/latest_20260117_004236.html
2026-01-17T00:43:35.421036,monitoreo_satelital/blackbox_latest/2026-01-17/latest_20260117_004335.html
2026-01-17T00:44:30.148667,monitoreo_satelital/blackbox_latest/2026-01-17/latest_20260117_004430.html
2026-01-17T00:45:35.501814,monitoreo_satelital/blackbox_latest/2026-01-17/latest_20260117_004535.html
2026-01-17T00:46:30.820387,monitoreo_satelital/blackbox_latest/2026-01-17/latest_20260117_004630.html
2026-01-17T00:47:34.313088,monitoreo_satelital/blackbox_latest/2026-01-17/latest_20260117_004734.html
2026-01-17T00:48:35.095042,monitoreo_satelital/blackbox_latest/2026-01-17/latest_20260117_004835.html
2026-01-17T00:49:36.300201,monitoreo_satelital/blackbox_latest/2026-01-17/latest_20260117_004936.html
2026-01-17T00:50:38.288277,monitoreo_satelital/blackbox_latest/2026-01-17/latest_20260117_005038.html
2026-01-17T00:51:36.907479,monitoreo_satelital/blackbox_latest/2026-01-17/latest_20260117_005136.html
2026-01-17T00:52:35.297777,monitoreo_satelital/blackbox_latest/2026-01-17/latest_20260117_005235.html
2026-01-17T00:53:34.469993,monitoreo_satelital/blackbox_latest/2026-01-17/latest_20260117_005334.html
2026-01-17T00:54:35.277453,monitoreo_satelital/blackbox_latest/2026-01-17/latest_20260117_005435.html
2026-01-17T00:55:35.864472,monitoreo_satelital/blackbox_latest/2026-01-17/latest_20260117_005535.html
2026-01-17T00:56:34.547534,monitoreo_satelital/blackbox_latest/2026-01-17/latest_20260117_005634.html
2026-01-17T00:57:33.274492,monitoreo_satelital/blackbox_latest/2026-01-17/latest_20260117_005733.html
2026-01-17T00:58:33.174735,monitoreo_satelital/blackbox_latest/2026-01-17/latest_20260117_005833.html
2026-01-17T00:59:35.639931,monitoreo_satelital/blackbox_latest/2026-01-17/latest_20260117_005935.html
2026-01-17T01:00:39.562845,monitoreo_satelital/blackbox_latest/2026-01-17/latest_20260117_010039.html
2026-01-17T01:01:36.307947,monitoreo_satelital/blackbox_latest/2026-01-17/latest_20260117_010136.html
2026-01-17T01:02:37.122068,monitoreo_satelital/blackbox_latest/2026-01-17/latest_20260117_010237.html
2026-01-17T01:03:39.473699,monitoreo_satelital/blackbox_latest/2026-01-17/latest_20260117_010339.html
2026-01-17T01:04:32.956950,monitoreo_satelital/blackbox_latest/2026-01-17/latest_20260117_010432.html
2026-01-17T01:05:34.992318,monitoreo_satelital/blackbox_latest/2026-01-17/latest_20260117_010534.html
2026-01-17T01:06:39.211460,monitoreo_satelital/blackbox_latest/2026-01-17/latest_20260117_010639.html
2026-01-17T01:07:35.236106,monitoreo_satelital/blackbox_latest/2026-01-17/latest_20260117_010735.html
2026-01-17T01:08:34.122672,monitoreo_satelital/blackbox_latest/2026-01-17/latest_20260117_010834.html
2026-01-17T01:09:34.674587,monitoreo_satelital/blackbox_latest/2026-01-17/latest_20260117_010934.html
2026-01-17T01:10:35.376807,monitoreo_satelital/blackbox_latest/2026-01-17/latest_20260117_011035.html
2026-01-17T01:11:33.616233,monitoreo_satelital/blackbox_latest/2026-01-17/latest_20260117_011133.html
2026-01-17T01:12:34.995793,monitoreo_satelital/blackbox_latest/2026-01-17/latest_20260117_011234.html
2026-01-17T01:13:35.450717,monitoreo_satelital/blackbox_latest/2026-01-17/latest_20260117_011335.html
2026-01-17T01:14:31.773150,monitoreo_satelital/blackbox_latest/2026-01-17/latest_20260117_011431.html
2026-01-17T01:15:34.996279,monitoreo_satelital/blackbox_latest/2026-01-17/latest_20260117_011534.html
2026-01-17T01:16:33.788726,monitoreo_satelital/blackbox_latest/2026-01-17/latest_20260117_011633.html
2026-01-17T01:17:32.805206,monitoreo_satelital/blackbox_latest/2026-01-17/latest_20260117_011732.html
2026-01-17T01:18:34.478280,monitoreo_satelital/blackbox_latest/2026-01-17/latest_20260117_011834.html
2026-01-17T01:19:33.354516,monitoreo_satelital/blackbox_latest/2026-01-17/latest_20260117_011933.html
2026-01-17T01:20:34.870716,monitoreo_satelital/blackbox_latest/2026-01-17/latest_20260117_012034.html
2026-01-17T01:21:35.188312,monitoreo_satelital/blackbox_latest/2026-01-17/latest_20260117_012135.html
2026-01-17T01:22:35.234485,monitoreo_satelital/blackbox_latest/2026-01-17/latest_20260117_012235.html
2026-01-17T01:23:35.283321,monitoreo_satelital/blackbox_latest/2026-01-17/latest_20260117_012335.html
2026-01-17T01:24:28.395793,monitoreo_satelital/blackbox_latest/2026-01-17/latest_20260117_012428.html
2026-01-17T01:25:38.435518,monitoreo_satelital/blackbox_latest/2026-01-17/latest_20260117_012538.html
2026-01-17T01:26:33.850638,monitoreo_satelital/blackbox_latest/2026-01-17/latest_20260117_012633.html
2026-01-17T01:27:36.418141,monitoreo_satelital/blackbox_latest/2026-01-17/latest_20260117_012736.html
2026-01-17T01:28:36.476590,monitoreo_satelital/blackbox_latest/2026-01-17/latest_20260117_012836.html
2026-01-17T01:29:34.736031,monitoreo_satelital/blackbox_latest/2026-01-17/latest_20260117_012934.html
2026-01-17T01:30:40.996541,monitoreo_satelital/blackbox_latest/2026-01-17/latest_20260117_013040.html
2026-01-17T01:31:34.233170,monitoreo_satelital/blackbox_latest/2026-01-17/latest_20260117_013134.html
2026-01-17T01:32:36.375277,monitoreo_satelital/blackbox_latest/2026-01-17/latest_20260117_013236.html
2026-01-17T01:33:33.884525,monitoreo_satelital/blackbox_latest/2026-01-17/latest_20260117_013333.html
2026-01-17T01:34:32.634971,monitoreo_satelital/blackbox_latest/2026-01-17/latest_20260117_013432.html
2026-01-17T01:35:36.426775,monitoreo_satelital/blackbox_latest/2026-01-17/latest_20260117_013536.html
2026-01-17T01:36:33.172970,monitoreo_satelital/blackbox_latest/2026-01-17/latest_20260117_013633.html
2026-01-17T01:37:33.640657,monitoreo_satelital/blackbox_latest/2026-01-17/latest_20260117_013733.html
2026-01-17T01:38:34.453363,monitoreo_satelital/blackbox_latest/2026-01-17/latest_20260117_013834.html
2026-01-17T01:39:33.163709,monitoreo_satelital/blackbox_latest/2026-01-17/latest_20260117_013933.html
2026-01-17T01:40:35.596188,monitoreo_satelital/blackbox_latest/2026-01-17/latest_20260117_014035.html
2026-01-17T01:41:32.934985,monitoreo_satelital/blackbox_latest/2026-01-17/latest_20260117_014132.html
2026-01-17T01:42:35.959278,monitoreo_satelital/blackbox_latest/2026-01-17/latest_20260117_014235.html
2026-01-17T01:43:37.300851,monitoreo_satelital/blackbox_latest/2026-01-17/latest_20260117_014337.html
2026-01-17T01:44:34.561197,monitoreo_satelital/blackbox_latest/2026-01-17/latest_20260117_014434.html
2026-01-17T01:45:36.887292,monitoreo_satelital/blackbox_latest/2026-01-17/latest_20260117_014536.html
2026-01-17T01:46:33.780596,monitoreo_satelital/blackbox_latest/2026-01-17/latest_20260117_014633.html
2026-01-17T01:47:35.303449,monitoreo_satelital/blackbox_latest/2026-01-17/latest_20260117_014735.html
2026-01-17T01:48:33.779318,monitoreo_satelital/blackbox_latest/2026-01-17/latest_20260117_014833.html
2026-01-17T01:49:37.323384,monitoreo_satelital/blackbox_latest/2026-01-17/latest_20260117_014937.html
2026-01-17T01:50:36.589293,monitoreo_satelital/blackbox_latest/2026-01-17/latest_20260117_015036.html
2026-01-17T01:51:32.619216,monitoreo_satelital/blackbox_latest/2026-01-17/latest_20260117_015132.html
2026-01-17T01:52:35.245251,monitoreo_satelital/blackbox_latest/2026-01-17/latest_20260117_015235.html
2026-01-17T01:53:36.003857,monitoreo_satelital/blackbox_latest/2026-01-17/latest_20260117_015336.html
2026-01-17T01:54:36.421664,monitoreo_satelital/blackbox_latest/2026-01-17/latest_20260117_015436.html
2026-01-17T01:55:35.112182,monitoreo_satelital/blackbox_latest/2026-01-17/latest_20260117_015535.html
2026-01-17T01:56:33.096598,monitoreo_satelital/blackbox_latest/2026-01-17/latest_20260117_015633.html
2026-01-17T01:57:34.618839,monitoreo_satelital/blackbox_latest/2026-01-17/latest_20260117_015734.html
2026-01-17T01:58:28.423044,monitoreo_satelital/blackbox_latest/2026-01-17/latest_20260117_015828.html
2026-01-17T01:59:32.849603,monitoreo_satelital/blackbox_latest/2026-01-17/latest_20260117_015932.html
2026-01-17T02:00:39.282742,monitoreo_satelital/blackbox_latest/2026-01-17/latest_20260117_020039.html
2026-01-17T02:01:33.762057,monitoreo_satelital/blackbox_latest/2026-01-17/latest_20260117_020133.html
2026-01-17T02:02:34.548207,monitoreo_satelital/blackbox_latest/2026-01-17/latest_20260117_020234.html
2026-01-17T02:03:29.224095,monitoreo_satelital/blackbox_latest/2026-01-17/latest_20260117_020329.html
2026-01-17T02:04:34.678011,monitoreo_satelital/blackbox_latest/2026-01-17/latest_20260117_020434.html
2026-01-17T02:05:34.976029,monitoreo_satelital/blackbox_latest/2026-01-17/latest_20260117_020534.html
2026-01-17T02:06:40.779414,monitoreo_satelital/blackbox_latest/2026-01-17/latest_20260117_020640.html
2026-01-17T02:07:34.752243,monitoreo_satelital/blackbox_latest/2026-01-17/latest_20260117_020734.html
2026-01-17T02:08:36.080773,monitoreo_satelital/blackbox_latest/2026-01-17/latest_20260117_020836.html
2026-01-17T02:09:34.892430,monitoreo_satelital/blackbox_latest/2026-01-17/latest_20260117_020934.html
2026-01-17T02:10:34.643683,monitoreo_satelital/blackbox_latest/2026-01-17/latest_20260117_021034.html
2026-01-17T02:11:33.768064,monitoreo_satelital/blackbox_latest/2026-01-17/latest_20260117_021133.html
2026-01-17T02:12:35.161430,monitoreo_satelital/blackbox_latest/2026-01-17/latest_20260117_021235.html
2026-01-17T02:13:32.550167,monitoreo_satelital/blackbox_latest/2026-01-17/latest_20260117_021332.html
2026-01-17T02:14:33.480101,monitoreo_satelital/blackbox_latest/2026-01-17/latest_20260117_021433.html
2026-01-17T02:15:36.542163,monitoreo_satelital/blackbox_latest/2026-01-17/latest_20260117_021536.html
2026-01-17T02:16:36.546877,monitoreo_satelital/blackbox_latest/2026-01-17/latest_20260117_021636.html
2026-01-17T02:17:36.224806,monitoreo_satelital/blackbox_latest/2026-01-17/latest_20260117_021736.html
2026-01-17T02:18:36.481473,monitoreo_satelital/blackbox_latest/2026-01-17/latest_20260117_021836.html
2026-01-17T02:19:34.776959,monitoreo_satelital/blackbox_latest/2026-01-17/latest_20260117_021934.html
2026-01-17T02:20:37.200908,monitoreo_satelital/blackbox_latest/2026-01-17/latest_20260117_022037.html
2026-01-17T02:21:34.390439,monitoreo_satelital/blackbox_latest/2026-01-17/latest_20260117_022134.html
2026-01-17T02:22:34.600962,monitoreo_satelital/blackbox_latest/2026-01-17/latest_20260117_022234.html
2026-01-17T02:23:36.583080,monitoreo_satelital/blackbox_latest/2026-01-17/latest_20260117_022336.html
2026-01-17T02:24:32.268232,monitoreo_satelital/blackbox_latest/2026-01-17/latest_20260117_022432.html
2026-01-17T02:25:39.564086,monitoreo_satelital/blackbox_latest/2026-01-17/latest_20260117_022539.html
2026-01-17T02:26:35.757383,monitoreo_satelital/blackbox_latest/2026-01-17/latest_20260117_022635.html
2026-01-17T02:27:34.008316,monitoreo_satelital/blackbox_latest/2026-01-17/latest_20260117_022734.html
2026-01-17T02:28:34.348423,monitoreo_satelital/blackbox_latest/2026-01-17/latest_20260117_022834.html
2026-01-17T02:29:35.364962,monitoreo_satelital/blackbox_latest/2026-01-17/latest_20260117_022935.html
2026-01-17T02:30:37.587940,monitoreo_satelital/blackbox_latest/2026-01-17/latest_20260117_023037.html
2026-01-17T02:31:35.337589,monitoreo_satelital/blackbox_latest/2026-01-17/latest_20260117_023135.html
2026-01-17T02:32:33.409073,monitoreo_satelital/blackbox_latest/2026-01-17/latest_20260117_023233.html
2026-01-17T02:33:35.068272,monitoreo_satelital/blackbox_latest/2026-01-17/latest_20260117_023335.html
2026-01-17T02:34:37.382813,monitoreo_satelital/blackbox_latest/2026-01-17/latest_20260117_023437.html
2026-01-17T02:35:36.095344,monitoreo_satelital/blackbox_latest/2026-01-17/latest_20260117_023536.html
2026-01-17T02:36:33.517695,monitoreo_satelital/blackbox_latest/2026-01-17/latest_20260117_023633.html
2026-01-17T02:37:33.913840,monitoreo_satelital/blackbox_latest/2026-01-17/latest_20260117_023733.html
2026-01-17T02:38:34.893478,monitoreo_satelital/blackbox_latest/2026-01-17/latest_20260117_023834.html
2026-01-17T02:39:36.894556,monitoreo_satelital/blackbox_latest/2026-01-17/latest_20260117_023936.html
2026-01-17T02:40:37.251463,monitoreo_satelital/blackbox_latest/2026-01-17/latest_20260117_024037.html
2026-01-17T02:41:36.045613,monitoreo_satelital/blackbox_latest/2026-01-17/latest_20260117_024136.html
2026-01-17T02:42:34.133784,monitoreo_satelital/blackbox_latest/2026-01-17/latest_20260117_024234.html
2026-01-17T02:43:33.411096,monitoreo_satelital/blackbox_latest/2026-01-17/latest_20260117_024333.html
2026-01-17T02:44:32.551106,monitoreo_satelital/blackbox_latest/2026-01-17/latest_20260117_024432.html
2026-01-17T02:45:37.933453,monitoreo_satelital/blackbox_latest/2026-01-17/latest_20260117_024537.html
2026-01-17T02:46:36.267420,monitoreo_satelital/blackbox_latest/2026-01-17/latest_20260117_024636.html
2026-01-17T02:47:34.555351,monitoreo_satelital/blackbox_latest/2026-01-17/latest_20260117_024734.html
2026-01-17T02:48:33.724245,monitoreo_satelital/blackbox_latest/2026-01-17/latest_20260117_024833.html
2026-01-17T02:49:35.703661,monitoreo_satelital/blackbox_latest/2026-01-17/latest_20260117_024935.html
2026-01-17T02:50:39.612965,monitoreo_satelital/blackbox_latest/2026-01-17/latest_20260117_025039.html
2026-01-17T02:51:36.480607,monitoreo_satelital/blackbox_latest/2026-01-17/latest_20260117_025136.html
2026-01-17T02:52:35.710078,monitoreo_satelital/blackbox_latest/2026-01-17/latest_20260117_025235.html
2026-01-17T02:53:33.537222,monitoreo_satelital/blackbox_latest/2026-01-17/latest_20260117_025333.html
2026-01-17T02:54:39.755698,monitoreo_satelital/blackbox_latest/2026-01-17/latest_20260117_025439.html
2026-01-17T02:55:40.612883,monitoreo_satelital/blackbox_latest/2026-01-17/latest_20260117_025540.html
2026-01-17T02:56:31.276586,monitoreo_satelital/blackbox_latest/2026-01-17/latest_20260117_025631.html
2026-01-17T02:57:34.423623,monitoreo_satelital/blackbox_latest/2026-01-17/latest_20260117_025734.html
2026-01-17T02:58:34.307755,monitoreo_satelital/blackbox_latest/2026-01-17/latest_20260117_025834.html
2026-01-17T02:59:34.301812,monitoreo_satelital/blackbox_latest/2026-01-17/latest_20260117_025934.html
2026-01-17T03:00:40.834072,monitoreo_satelital/blackbox_latest/2026-01-17/latest_20260117_030040.html
2026-01-17T03:01:33.787656,monitoreo_satelital/blackbox_latest/2026-01-17/latest_20260117_030133.html
2026-01-17T03:02:35.572707,monitoreo_satelital/blackbox_latest/2026-01-17/latest_20260117_030235.html
2026-01-17T03:03:39.031803,monitoreo_satelital/blackbox_latest/2026-01-17/latest_20260117_030339.html
2026-01-17T03:04:31.746760,monitoreo_satelital/blackbox_latest/2026-01-17/latest_20260117_030431.html
2026-01-17T03:05:38.942504,monitoreo_satelital/blackbox_latest/2026-01-17/latest_20260117_030538.html
2026-01-17T03:06:33.903550,monitoreo_satelital/blackbox_latest/2026-01-17/latest_20260117_030633.html
2026-01-17T03:07:46.707313,monitoreo_satelital/blackbox_latest/2026-01-17/latest_20260117_030746.html
2026-01-17T03:08:33.609171,monitoreo_satelital/blackbox_latest/2026-01-17/latest_20260117_030833.html
2026-01-17T03:09:34.840449,monitoreo_satelital/blackbox_latest/2026-01-17/latest_20260117_030934.html
2026-01-17T03:10:35.703787,monitoreo_satelital/blackbox_latest/2026-01-17/latest_20260117_031035.html
2026-01-17T03:11:34.650909,monitoreo_satelital/blackbox_latest/2026-01-17/latest_20260117_031134.html
2026-01-17T03:12:34.919013,monitoreo_satelital/blackbox_latest/2026-01-17/latest_20260117_031234.html
2026-01-17T03:13:36.853611,monitoreo_satelital/blackbox_latest/2026-01-17/latest_20260117_031336.html
2026-01-17T03:14:33.582943,monitoreo_satelital/blackbox_latest/2026-01-17/latest_20260117_031433.html
2026-01-17T03:15:35.897642,monitoreo_satelital/blackbox_latest/2026-01-17/latest_20260117_031535.html
2026-01-17T03:16:36.914682,monitoreo_satelital/blackbox_latest/2026-01-17/latest_20260117_031636.html
2026-01-17T03:17:34.634658,monitoreo_satelital/blackbox_latest/2026-01-17/latest_20260117_031734.html
2026-01-17T03:18:34.808395,monitoreo_satelital/blackbox_latest/2026-01-17/latest_20260117_031834.html
2026-01-17T03:19:36.632019,monitoreo_satelital/blackbox_latest/2026-01-17/latest_20260117_031936.html
2026-01-17T03:20:37.339202,monitoreo_satelital/blackbox_latest/2026-01-17/latest_20260117_032037.html
2026-01-17T03:21:37.120390,monitoreo_satelital/blackbox_latest/2026-01-17/latest_20260117_032137.html
2026-01-17T03:22:34.648868,monitoreo_satelital/blackbox_latest/2026-01-17/latest_20260117_032234.html
2026-01-17T03:23:33.269102,monitoreo_satelital/blackbox_latest/2026-01-17/latest_20260117_032333.html
2026-01-17T03:24:33.456945,monitoreo_satelital/blackbox_latest/2026-01-17/latest_20260117_032433.html
2026-01-17T03:25:34.356138,monitoreo_satelital/blackbox_latest/2026-01-17/latest_20260117_032534.html
2026-01-17T03:26:33.472749,monitoreo_satelital/blackbox_latest/2026-01-17/latest_20260117_032633.html
2026-01-17T03:27:37.032581,monitoreo_satelital/blackbox_latest/2026-01-17/latest_20260117_032737.html
2026-01-17T03:28:35.184828,monitoreo_satelital/blackbox_latest/2026-01-17/latest_20260117_032835.html
2026-01-17T03:29:36.361784,monitoreo_satelital/blackbox_latest/2026-01-17/latest_20260117_032936.html
2026-01-17T03:30:37.841509,monitoreo_satelital/blackbox_latest/2026-01-17/latest_20260117_033037.html
2026-01-17T03:31:32.988264,monitoreo_satelital/blackbox_latest/2026-01-17/latest_20260117_033132.html
2026-01-17T03:32:34.035042,monitoreo_satelital/blackbox_latest/2026-01-17/latest_20260117_033234.html
2026-01-17T03:33:33.841864,monitoreo_satelital/blackbox_latest/2026-01-17/latest_20260117_033333.html
2026-01-17T03:34:36.349654,monitoreo_satelital/blackbox_latest/2026-01-17/latest_20260117_033436.html
2026-01-17T03:35:35.387413,monitoreo_satelital/blackbox_latest/2026-01-17/latest_20260117_033535.html
2026-01-17T03:36:35.762702,monitoreo_satelital/blackbox_latest/2026-01-17/latest_20260117_033635.html
2026-01-17T03:37:34.712233,monitoreo_satelital/blackbox_latest/2026-01-17/latest_20260117_033734.html
2026-01-17T03:38:33.770728,monitoreo_satelital/blackbox_latest/2026-01-17/latest_20260117_033833.html
2026-01-17T03:39:36.388501,monitoreo_satelital/blackbox_latest/2026-01-17/latest_20260117_033936.html
2026-01-17T03:40:36.121297,monitoreo_satelital/blackbox_latest/2026-01-17/latest_20260117_034036.html
2026-01-17T03:41:38.165231,monitoreo_satelital/blackbox_latest/2026-01-17/latest_20260117_034138.html
2026-01-17T03:42:36.297586,monitoreo_satelital/blackbox_latest/2026-01-17/latest_20260117_034236.html
2026-01-17T03:43:36.830006,monitoreo_satelital/blackbox_latest/2026-01-17/latest_20260117_034336.html
2026-01-17T03:44:32.606051,monitoreo_satelital/blackbox_latest/2026-01-17/latest_20260117_034432.html
2026-01-17T03:45:37.084707,monitoreo_satelital/blackbox_latest/2026-01-17/latest_20260117_034537.html
2026-01-17T03:46:35.832883,monitoreo_satelital/blackbox_latest/2026-01-17/latest_20260117_034635.html
2026-01-17T03:47:34.924677,monitoreo_satelital/blackbox_latest/2026-01-17/latest_20260117_034734.html
2026-01-17T03:48:34.973765,monitoreo_satelital/blackbox_latest/2026-01-17/latest_20260117_034834.html
2026-01-17T03:49:36.960646,monitoreo_satelital/blackbox_latest/2026-01-17/latest_20260117_034936.html
2026-01-17T03:50:39.538225,monitoreo_satelital/blackbox_latest/2026-01-17/latest_20260117_035039.html
2026-01-17T03:51:33.321451,monitoreo_satelital/blackbox_latest/2026-01-17/latest_20260117_035133.html
2026-01-17T03:52:32.106481,monitoreo_satelital/blackbox_latest/2026-01-17/latest_20260117_035232.html
2026-01-17T03:53:32.355946,monitoreo_satelital/blackbox_latest/2026-01-17/latest_20260117_035332.html
2026-01-17T03:54:34.834550,monitoreo_satelital/blackbox_latest/2026-01-17/latest_20260117_035434.html
2026-01-17T03:55:35.511218,monitoreo_satelital/blackbox_latest/2026-01-17/latest_20260117_035535.html
2026-01-17T03:56:36.668418,monitoreo_satelital/blackbox_latest/2026-01-17/latest_20260117_035636.html
2026-01-17T03:57:32.374307,monitoreo_satelital/blackbox_latest/2026-01-17/latest_20260117_035732.html
2026-01-17T03:58:34.249449,monitoreo_satelital/blackbox_latest/2026-01-17/latest_20260117_035834.html
2026-01-17T03:59:35.229217,monitoreo_satelital/blackbox_latest/2026-01-17/latest_20260117_035935.html
2026-01-17T04:00:41.020060,monitoreo_satelital/blackbox_latest/2026-01-17/latest_20260117_040041.html
2026-01-17T04:01:36.568172,monitoreo_satelital/blackbox_latest/2026-01-17/latest_20260117_040136.html
2026-01-17T04:02:35.822979,monitoreo_satelital/blackbox_latest/2026-01-17/latest_20260117_040235.html
2026-01-17T04:03:36.002464,monitoreo_satelital/blackbox_latest/2026-01-17/latest_20260117_040336.html
2026-01-17T04:04:37.032532,monitoreo_satelital/blackbox_latest/2026-01-17/latest_20260117_040437.html
2026-01-17T04:05:35.274997,monitoreo_satelital/blackbox_latest/2026-01-17/latest_20260117_040535.html
2026-01-17T04:06:37.234890,monitoreo_satelital/blackbox_latest/2026-01-17/latest_20260117_040637.html
2026-01-17T04:07:34.625222,monitoreo_satelital/blackbox_latest/2026-01-17/latest_20260117_040734.html
2026-01-17T04:08:40.182794,monitoreo_satelital/blackbox_latest/2026-01-17/latest_20260117_040840.html
2026-01-17T04:09:37.215469,monitoreo_satelital/blackbox_latest/2026-01-17/latest_20260117_040937.html
2026-01-17T04:10:37.361747,monitoreo_satelital/blackbox_latest/2026-01-17/latest_20260117_041037.html
2026-01-17T04:11:38.272976,monitoreo_satelital/blackbox_latest/2026-01-17/latest_20260117_041138.html
2026-01-17T04:12:36.038228,monitoreo_satelital/blackbox_latest/2026-01-17/latest_20260117_041236.html
2026-01-17T04:13:33.072592,monitoreo_satelital/blackbox_latest/2026-01-17/latest_20260117_041333.html
2026-01-17T04:14:35.945704,monitoreo_satelital/blackbox_latest/2026-01-17/latest_20260117_041435.html
2026-01-17T04:15:38.274085,monitoreo_satelital/blackbox_latest/2026-01-17/latest_20260117_041538.html
2026-01-17T04:16:34.500575,monitoreo_satelital/blackbox_latest/2026-01-17/latest_20260117_041634.html
2026-01-17T04:17:32.761012,monitoreo_satelital/blackbox_latest/2026-01-17/latest_20260117_041732.html
2026-01-17T04:18:35.240535,monitoreo_satelital/blackbox_latest/2026-01-17/latest_20260117_041835.html
2026-01-17T04:19:35.709297,monitoreo_satelital/blackbox_latest/2026-01-17/latest_20260117_041935.html
2026-01-17T04:20:37.678609,monitoreo_satelital/blackbox_latest/2026-01-17/latest_20260117_042037.html
2026-01-17T04:21:35.656321,monitoreo_satelital/blackbox_latest/2026-01-17/latest_20260117_042135.html
2026-01-17T04:22:36.453859,monitoreo_satelital/blackbox_latest/2026-01-17/latest_20260117_042236.html
2026-01-17T04:23:33.784590,monitoreo_satelital/blackbox_latest/2026-01-17/latest_20260117_042333.html
2026-01-17T04:24:36.544353,monitoreo_satelital/blackbox_latest/2026-01-17/latest_20260117_042436.html
2026-01-17T04:25:36.543717,monitoreo_satelital/blackbox_latest/2026-01-17/latest_20260117_042536.html
2026-01-17T04:26:33.267857,monitoreo_satelital/blackbox_latest/2026-01-17/latest_20260117_042633.html
2026-01-17T04:27:35.063286,monitoreo_satelital/blackbox_latest/2026-01-17/latest_20260117_042735.html
2026-01-17T04:28:34.274616,monitoreo_satelital/blackbox_latest/2026-01-17/latest_20260117_042834.html
2026-01-17T04:29:34.579364,monitoreo_satelital/blackbox_latest/2026-01-17/latest_20260117_042934.html
2026-01-17T04:30:40.346147,monitoreo_satelital/blackbox_latest/2026-01-17/latest_20260117_043040.html
2026-01-17T04:31:34.083687,monitoreo_satelital/blackbox_latest/2026-01-17/latest_20260117_043134.html
2026-01-17T04:32:34.231601,monitoreo_satelital/blackbox_latest/2026-01-17/latest_20260117_043234.html
2026-01-17T04:33:37.652264,monitoreo_satelital/blackbox_latest/2026-01-17/latest_20260117_043337.html
2026-01-17T04:34:34.421109,monitoreo_satelital/blackbox_latest/2026-01-17/latest_20260117_043434.html
2026-01-17T04:35:32.310067,monitoreo_satelital/blackbox_latest/2026-01-17/latest_20260117_043532.html
2026-01-17T04:36:35.563422,monitoreo_satelital/blackbox_latest/2026-01-17/latest_20260117_043635.html
2026-01-17T04:37:33.753368,monitoreo_satelital/blackbox_latest/2026-01-17/latest_20260117_043733.html
2026-01-17T04:38:32.148978,monitoreo_satelital/blackbox_latest/2026-01-17/latest_20260117_043832.html
2026-01-17T04:39:35.276200,monitoreo_satelital/blackbox_latest/2026-01-17/latest_20260117_043935.html
2026-01-17T04:40:35.124956,monitoreo_satelital/blackbox_latest/2026-01-17/latest_20260117_044035.html
2026-01-17T04:41:34.551563,monitoreo_satelital/blackbox_latest/2026-01-17/latest_20260117_044134.html
2026-01-17T04:42:29.848217,monitoreo_satelital/blackbox_latest/2026-01-17/latest_20260117_044229.html
2026-01-17T04:43:32.418794,monitoreo_satelital/blackbox_latest/2026-01-17/latest_20260117_044332.html
2026-01-17T04:44:34.791939,monitoreo_satelital/blackbox_latest/2026-01-17/latest_20260117_044434.html
2026-01-17T04:45:35.785276,monitoreo_satelital/blackbox_latest/2026-01-17/latest_20260117_044535.html
2026-01-17T04:46:34.113039,monitoreo_satelital/blackbox_latest/2026-01-17/latest_20260117_044634.html
2026-01-17T04:47:36.781003,monitoreo_satelital/blackbox_latest/2026-01-17/latest_20260117_044736.html
2026-01-17T04:48:35.373582,monitoreo_satelital/blackbox_latest/2026-01-17/latest_20260117_044835.html
2026-01-17T04:49:35.424160,monitoreo_satelital/blackbox_latest/2026-01-17/latest_20260117_044935.html
2026-01-17T04:50:35.641438,monitoreo_satelital/blackbox_latest/2026-01-17/latest_20260117_045035.html
2026-01-17T04:51:37.739772,monitoreo_satelital/blackbox_latest/2026-01-17/latest_20260117_045137.html
2026-01-17T04:52:35.214534,monitoreo_satelital/blackbox_latest/2026-01-17/latest_20260117_045235.html
2026-01-17T04:53:33.301277,monitoreo_satelital/blackbox_latest/2026-01-17/latest_20260117_045333.html
2026-01-17T04:54:35.846054,monitoreo_satelital/blackbox_latest/2026-01-17/latest_20260117_045435.html
2026-01-17T04:55:34.718783,monitoreo_satelital/blackbox_latest/2026-01-17/latest_20260117_045534.html
2026-01-17T04:56:34.616544,monitoreo_satelital/blackbox_latest/2026-01-17/latest_20260117_045634.html
2026-01-17T04:57:35.144548,monitoreo_satelital/blackbox_latest/2026-01-17/latest_20260117_045735.html
2026-01-17T04:58:33.433694,monitoreo_satelital/blackbox_latest/2026-01-17/latest_20260117_045833.html
2026-01-17T04:59:36.084562,monitoreo_satelital/blackbox_latest/2026-01-17/latest_20260117_045936.html
2026-01-17T05:00:40.362733,monitoreo_satelital/blackbox_latest/2026-01-17/latest_20260117_050040.html
2026-01-17T05:01:31.924187,monitoreo_satelital/blackbox_latest/2026-01-17/latest_20260117_050131.html
2026-01-17T05:02:36.992024,monitoreo_satelital/blackbox_latest/2026-01-17/latest_20260117_050236.html
2026-01-17T05:03:36.466193,monitoreo_satelital/blackbox_latest/2026-01-17/latest_20260117_050336.html
2026-01-17T05:04:32.765531,monitoreo_satelital/blackbox_latest/2026-01-17/latest_20260117_050432.html
2026-01-17T05:05:35.493390,monitoreo_satelital/blackbox_latest/2026-01-17/latest_20260117_050535.html
2026-01-17T05:06:35.416723,monitoreo_satelital/blackbox_latest/2026-01-17/latest_20260117_050635.html
2026-01-17T05:07:33.917237,monitoreo_satelital/blackbox_latest/2026-01-17/latest_20260117_050733.html
2026-01-17T05:08:32.853459,monitoreo_satelital/blackbox_latest/2026-01-17/latest_20260117_050832.html
2026-01-17T05:09:34.042313,monitoreo_satelital/blackbox_latest/2026-01-17/latest_20260117_050934.html
2026-01-17T05:10:39.953234,monitoreo_satelital/blackbox_latest/2026-01-17/latest_20260117_051039.html
2026-01-17T05:11:35.380787,monitoreo_satelital/blackbox_latest/2026-01-17/latest_20260117_051135.html
2026-01-17T05:12:34.406415,monitoreo_satelital/blackbox_latest/2026-01-17/latest_20260117_051234.html
2026-01-17T05:13:35.508223,monitoreo_satelital/blackbox_latest/2026-01-17/latest_20260117_051335.html
2026-01-17T05:14:32.481552,monitoreo_satelital/blackbox_latest/2026-01-17/latest_20260117_051432.html
2026-01-17T05:15:36.378329,monitoreo_satelital/blackbox_latest/2026-01-17/latest_20260117_051536.html
2026-01-17T05:16:37.866839,monitoreo_satelital/blackbox_latest/2026-01-17/latest_20260117_051637.html
2026-01-17T05:17:33.210088,monitoreo_satelital/blackbox_latest/2026-01-17/latest_20260117_051733.html
2026-01-17T05:18:33.435764,monitoreo_satelital/blackbox_latest/2026-01-17/latest_20260117_051833.html
2026-01-17T05:19:36.232599,monitoreo_satelital/blackbox_latest/2026-01-17/latest_20260117_051936.html
2026-01-17T05:20:35.836700,monitoreo_satelital/blackbox_latest/2026-01-17/latest_20260117_052035.html
2026-01-17T05:21:34.287884,monitoreo_satelital/blackbox_latest/2026-01-17/latest_20260117_052134.html
2026-01-17T05:22:34.954497,monitoreo_satelital/blackbox_latest/2026-01-17/latest_20260117_052234.html
2026-01-17T05:23:35.806869,monitoreo_satelital/blackbox_latest/2026-01-17/latest_20260117_052335.html
2026-01-17T05:24:31.851699,monitoreo_satelital/blackbox_latest/2026-01-17/latest_20260117_052431.html
2026-01-17T05:25:35.112322,monitoreo_satelital/blackbox_latest/2026-01-17/latest_20260117_052535.html
2026-01-17T05:26:35.742349,monitoreo_satelital/blackbox_latest/2026-01-17/latest_20260117_052635.html
2026-01-17T05:27:34.509925,monitoreo_satelital/blackbox_latest/2026-01-17/latest_20260117_052734.html
2026-01-17T05:28:34.211171,monitoreo_satelital/blackbox_latest/2026-01-17/latest_20260117_052834.html
2026-01-17T05:29:34.909826,monitoreo_satelital/blackbox_latest/2026-01-17/latest_20260117_052934.html
2026-01-17T05:30:39.318264,monitoreo_satelital/blackbox_latest/2026-01-17/latest_20260117_053039.html
2026-01-17T05:31:33.169240,monitoreo_satelital/blackbox_latest/2026-01-17/latest_20260117_053133.html
2026-01-17T05:32:32.226822,monitoreo_satelital/blackbox_latest/2026-01-17/latest_20260117_053232.html
2026-01-17T05:33:33.884581,monitoreo_satelital/blackbox_latest/2026-01-17/latest_20260117_053333.html
2026-01-17T05:34:34.080572,monitoreo_satelital/blackbox_latest/2026-01-17/latest_20260117_053434.html
2026-01-17T05:35:38.410074,monitoreo_satelital/blackbox_latest/2026-01-17/latest_20260117_053538.html
2026-01-17T05:36:33.390539,monitoreo_satelital/blackbox_latest/2026-01-17/latest_20260117_053633.html
2026-01-17T05:37:35.098363,monitoreo_satelital/blackbox_latest/2026-01-17/latest_20260117_053735.html
2026-01-17T05:38:32.538756,monitoreo_satelital/blackbox_latest/2026-01-17/latest_20260117_053832.html
2026-01-17T05:39:32.404553,monitoreo_satelital/blackbox_latest/2026-01-17/latest_20260117_053932.html
2026-01-17T05:40:35.455091,monitoreo_satelital/blackbox_latest/2026-01-17/latest_20260117_054035.html
2026-01-17T05:41:33.086006,monitoreo_satelital/blackbox_latest/2026-01-17/latest_20260117_054133.html
2026-01-17T05:42:35.659654,monitoreo_satelital/blackbox_latest/2026-01-17/latest_20260117_054235.html
2026-01-17T05:43:32.587311,monitoreo_satelital/blackbox_latest/2026-01-17/latest_20260117_054332.html
2026-01-17T05:44:34.751088,monitoreo_satelital/blackbox_latest/2026-01-17/latest_20260117_054434.html
2026-01-17T05:45:38.150972,monitoreo_satelital/blackbox_latest/2026-01-17/latest_20260117_054538.html
2026-01-17T05:46:34.097158,monitoreo_satelital/blackbox_latest/2026-01-17/latest_20260117_054634.html
2026-01-17T05:47:38.222207,monitoreo_satelital/blackbox_latest/2026-01-17/latest_20260117_054738.html
2026-01-17T05:48:31.962745,monitoreo_satelital/blackbox_latest/2026-01-17/latest_20260117_054831.html
2026-01-17T05:49:36.868392,monitoreo_satelital/blackbox_latest/2026-01-17/latest_20260117_054936.html
2026-01-17T05:50:39.116355,monitoreo_satelital/blackbox_latest/2026-01-17/latest_20260117_055039.html
2026-01-17T05:51:35.011099,monitoreo_satelital/blackbox_latest/2026-01-17/latest_20260117_055135.html
2026-01-17T05:52:37.357935,monitoreo_satelital/blackbox_latest/2026-01-17/latest_20260117_055237.html
2026-01-17T05:53:35.626142,monitoreo_satelital/blackbox_latest/2026-01-17/latest_20260117_055335.html
2026-01-17T05:54:35.263471,monitoreo_satelital/blackbox_latest/2026-01-17/latest_20260117_055435.html
2026-01-17T05:55:33.956955,monitoreo_satelital/blackbox_latest/2026-01-17/latest_20260117_055533.html
2026-01-17T05:56:34.505399,monitoreo_satelital/blackbox_latest/2026-01-17/latest_20260117_055634.html
2026-01-17T05:57:29.905545,monitoreo_satelital/blackbox_latest/2026-01-17/latest_20260117_055729.html
2026-01-17T05:58:33.060618,monitoreo_satelital/blackbox_latest/2026-01-17/latest_20260117_055833.html
2026-01-17T05:59:35.238732,monitoreo_satelital/blackbox_latest/2026-01-17/latest_20260117_055935.html
2026-01-17T06:00:39.871176,monitoreo_satelital/blackbox_latest/2026-01-17/latest_20260117_060039.html
2026-01-17T06:01:35.862233,monitoreo_satelital/blackbox_latest/2026-01-17/latest_20260117_060135.html
2026-01-17T06:02:34.462315,monitoreo_satelital/blackbox_latest/2026-01-17/latest_20260117_060234.html
2026-01-17T06:03:33.568720,monitoreo_satelital/blackbox_latest/2026-01-17/latest_20260117_060333.html
2026-01-17T06:04:35.144771,monitoreo_satelital/blackbox_latest/2026-01-17/latest_20260117_060435.html
2026-01-17T06:05:36.887623,monitoreo_satelital/blackbox_latest/2026-01-17/latest_20260117_060536.html
2026-01-17T06:06:36.613261,monitoreo_satelital/blackbox_latest/2026-01-17/latest_20260117_060636.html
2026-01-17T06:07:34.567273,monitoreo_satelital/blackbox_latest/2026-01-17/latest_20260117_060734.html
2026-01-17T06:08:35.854538,monitoreo_satelital/blackbox_latest/2026-01-17/latest_20260117_060835.html
2026-01-17T06:09:34.379376,monitoreo_satelital/blackbox_latest/2026-01-17/latest_20260117_060934.html
2026-01-17T06:10:39.189828,monitoreo_satelital/blackbox_latest/2026-01-17/latest_20260117_061039.html
2026-01-17T06:11:37.864767,monitoreo_satelital/blackbox_latest/2026-01-17/latest_20260117_061137.html
2026-01-17T06:12:35.087643,monitoreo_satelital/blackbox_latest/2026-01-17/latest_20260117_061235.html
2026-01-17T06:13:33.188767,monitoreo_satelital/blackbox_latest/2026-01-17/latest_20260117_061333.html
2026-01-17T06:14:35.079921,monitoreo_satelital/blackbox_latest/2026-01-17/latest_20260117_061435.html
2026-01-17T06:15:35.318861,monitoreo_satelital/blackbox_latest/2026-01-17/latest_20260117_061535.html
2026-01-17T06:16:33.746451,monitoreo_satelital/blackbox_latest/2026-01-17/latest_20260117_061633.html
2026-01-17T06:17:34.031698,monitoreo_satelital/blackbox_latest/2026-01-17/latest_20260117_061734.html
2026-01-17T06:18:36.204812,monitoreo_satelital/blackbox_latest/2026-01-17/latest_20260117_061836.html
2026-01-17T06:19:33.486122,monitoreo_satelital/blackbox_latest/2026-01-17/latest_20260117_061933.html
2026-01-17T06:20:39.954386,monitoreo_satelital/blackbox_latest/2026-01-17/latest_20260117_062039.html
2026-01-17T06:21:28.511553,monitoreo_satelital/blackbox_latest/2026-01-17/latest_20260117_062128.html
2026-01-17T06:22:34.095669,monitoreo_satelital/blackbox_latest/2026-01-17/latest_20260117_062234.html
2026-01-17T06:23:33.003606,monitoreo_satelital/blackbox_latest/2026-01-17/latest_20260117_062333.html
2026-01-17T06:24:33.964124,monitoreo_satelital/blackbox_latest/2026-01-17/latest_20260117_062433.html
2026-01-17T06:25:35.527550,monitoreo_satelital/blackbox_latest/2026-01-17/latest_20260117_062535.html
2026-01-17T06:26:33.596640,monitoreo_satelital/blackbox_latest/2026-01-17/latest_20260117_062633.html
2026-01-17T06:27:35.756863,monitoreo_satelital/blackbox_latest/2026-01-17/latest_20260117_062735.html
2026-01-17T06:28:33.609665,monitoreo_satelital/blackbox_latest/2026-01-17/latest_20260117_062833.html
2026-01-17T06:29:38.125853,monitoreo_satelital/blackbox_latest/2026-01-17/latest_20260117_062938.html
2026-01-17T06:30:36.796287,monitoreo_satelital/blackbox_latest/2026-01-17/latest_20260117_063036.html
2026-01-17T06:31:32.084707,monitoreo_satelital/blackbox_latest/2026-01-17/latest_20260117_063132.html
2026-01-17T06:32:35.806798,monitoreo_satelital/blackbox_latest/2026-01-17/latest_20260117_063235.html
2026-01-17T06:33:39.229296,monitoreo_satelital/blackbox_latest/2026-01-17/latest_20260117_063339.html
2026-01-17T06:34:34.665373,monitoreo_satelital/blackbox_latest/2026-01-17/latest_20260117_063434.html
2026-01-17T06:35:37.891887,monitoreo_satelital/blackbox_latest/2026-01-17/latest_20260117_063537.html
2026-01-17T06:36:35.625990,monitoreo_satelital/blackbox_latest/2026-01-17/latest_20260117_063635.html
2026-01-17T06:37:35.763330,monitoreo_satelital/blackbox_latest/2026-01-17/latest_20260117_063735.html
2026-01-17T06:38:34.177009,monitoreo_satelital/blackbox_latest/2026-01-17/latest_20260117_063834.html
2026-01-17T06:39:34.213249,monitoreo_satelital/blackbox_latest/2026-01-17/latest_20260117_063934.html
2026-01-17T06:40:40.762866,monitoreo_satelital/blackbox_latest/2026-01-17/latest_20260117_064040.html
2026-01-17T06:41:31.893551,monitoreo_satelital/blackbox_latest/2026-01-17/latest_20260117_064131.html
2026-01-17T06:42:37.440940,monitoreo_satelital/blackbox_latest/2026-01-17/latest_20260117_064237.html
2026-01-17T06:43:32.792277,monitoreo_satelital/blackbox_latest/2026-01-17/latest_20260117_064332.html
2026-01-17T06:44:38.188071,monitoreo_satelital/blackbox_latest/2026-01-17/latest_20260117_064438.html
2026-01-17T06:45:35.339218,monitoreo_satelital/blackbox_latest/2026-01-17/latest_20260117_064535.html
2026-01-17T06:46:34.161299,monitoreo_satelital/blackbox_latest/2026-01-17/latest_20260117_064634.html
2026-01-17T06:47:35.393612,monitoreo_satelital/blackbox_latest/2026-01-17/latest_20260117_064735.html
2026-01-17T06:48:35.398701,monitoreo_satelital/blackbox_latest/2026-01-17/latest_20260117_064835.html
2026-01-17T06:49:33.382995,monitoreo_satelital/blackbox_latest/2026-01-17/latest_20260117_064933.html
2026-01-17T06:50:34.699638,monitoreo_satelital/blackbox_latest/2026-01-17/latest_20260117_065034.html
2026-01-17T06:51:33.892065,monitoreo_satelital/blackbox_latest/2026-01-17/latest_20260117_065133.html
2026-01-17T06:52:31.911189,monitoreo_satelital/blackbox_latest/2026-01-17/latest_20260117_065231.html
2026-01-17T06:53:39.077540,monitoreo_satelital/blackbox_latest/2026-01-17/latest_20260117_065339.html
2026-01-17T06:54:34.063413,monitoreo_satelital/blackbox_latest/2026-01-17/latest_20260117_065434.html
2026-01-17T06:55:34.434576,monitoreo_satelital/blackbox_latest/2026-01-17/latest_20260117_065534.html
2026-01-17T06:56:32.933151,monitoreo_satelital/blackbox_latest/2026-01-17/latest_20260117_065632.html
2026-01-17T06:57:34.582437,monitoreo_satelital/blackbox_latest/2026-01-17/latest_20260117_065734.html
2026-01-17T06:58:32.242624,monitoreo_satelital/blackbox_latest/2026-01-17/latest_20260117_065832.html
2026-01-17T06:59:34.451024,monitoreo_satelital/blackbox_latest/2026-01-17/latest_20260117_065934.html
2026-01-17T07:00:37.361564,monitoreo_satelital/blackbox_latest/2026-01-17/latest_20260117_070037.html
2026-01-17T07:01:33.510465,monitoreo_satelital/blackbox_latest/2026-01-17/latest_20260117_070133.html
2026-01-17T07:02:34.712027,monitoreo_satelital/blackbox_latest/2026-01-17/latest_20260117_070234.html
2026-01-17T07:03:33.336160,monitoreo_satelital/blackbox_latest/2026-01-17/latest_20260117_070333.html
2026-01-17T07:04:30.107427,monitoreo_satelital/blackbox_latest/2026-01-17/latest_20260117_070430.html
2026-01-17T07:05:38.020595,monitoreo_satelital/blackbox_latest/2026-01-17/latest_20260117_070538.html
2026-01-17T07:06:32.137128,monitoreo_satelital/blackbox_latest/2026-01-17/latest_20260117_070632.html
2026-01-17T07:07:33.109451,monitoreo_satelital/blackbox_latest/2026-01-17/latest_20260117_070733.html
2026-01-17T07:08:33.799725,monitoreo_satelital/blackbox_latest/2026-01-17/latest_20260117_070833.html
2026-01-17T07:09:36.376521,monitoreo_satelital/blackbox_latest/2026-01-17/latest_20260117_070936.html
2026-01-17T07:10:38.278541,monitoreo_satelital/blackbox_latest/2026-01-17/latest_20260117_071038.html
2026-01-17T07:11:34.523354,monitoreo_satelital/blackbox_latest/2026-01-17/latest_20260117_071134.html
2026-01-17T07:12:34.942097,monitoreo_satelital/blackbox_latest/2026-01-17/latest_20260117_071234.html
2026-01-17T07:13:32.025366,monitoreo_satelital/blackbox_latest/2026-01-17/latest_20260117_071332.html
2026-01-17T07:14:32.014236,monitoreo_satelital/blackbox_latest/2026-01-17/latest_20260117_071432.html
2026-01-17T07:15:39.018302,monitoreo_satelital/blackbox_latest/2026-01-17/latest_20260117_071539.html
2026-01-17T07:16:35.704173,monitoreo_satelital/blackbox_latest/2026-01-17/latest_20260117_071635.html
2026-01-17T07:17:32.470824,monitoreo_satelital/blackbox_latest/2026-01-17/latest_20260117_071732.html
2026-01-17T07:18:36.277873,monitoreo_satelital/blackbox_latest/2026-01-17/latest_20260117_071836.html
2026-01-17T07:19:35.359389,monitoreo_satelital/blackbox_latest/2026-01-17/latest_20260117_071935.html
2026-01-17T07:20:37.498082,monitoreo_satelital/blackbox_latest/2026-01-17/latest_20260117_072037.html
2026-01-17T07:21:38.423864,monitoreo_satelital/blackbox_latest/2026-01-17/latest_20260117_072138.html
2026-01-17T07:22:34.954997,monitoreo_satelital/blackbox_latest/2026-01-17/latest_20260117_072234.html
2026-01-17T07:23:34.841325,monitoreo_satelital/blackbox_latest/2026-01-17/latest_20260117_072334.html
2026-01-17T07:24:34.476572,monitoreo_satelital/blackbox_latest/2026-01-17/latest_20260117_072434.html
2026-01-17T07:25:36.983063,monitoreo_satelital/blackbox_latest/2026-01-17/latest_20260117_072536.html
2026-01-17T07:26:35.140415,monitoreo_satelital/blackbox_latest/2026-01-17/latest_20260117_072635.html
2026-01-17T07:27:36.309666,monitoreo_satelital/blackbox_latest/2026-01-17/latest_20260117_072736.html
2026-01-17T07:28:34.573304,monitoreo_satelital/blackbox_latest/2026-01-17/latest_20260117_072834.html
2026-01-17T07:29:33.636323,monitoreo_satelital/blackbox_latest/2026-01-17/latest_20260117_072933.html
2026-01-17T07:30:40.017448,monitoreo_satelital/blackbox_latest/2026-01-17/latest_20260117_073040.html
2026-01-17T07:31:35.600816,monitoreo_satelital/blackbox_latest/2026-01-17/latest_20260117_073135.html
2026-01-17T07:32:35.144937,monitoreo_satelital/blackbox_latest/2026-01-17/latest_20260117_073235.html
2026-01-17T07:33:34.702134,monitoreo_satelital/blackbox_latest/2026-01-17/latest_20260117_073334.html
2026-01-17T07:34:35.055474,monitoreo_satelital/blackbox_latest/2026-01-17/latest_20260117_073435.html
2026-01-17T07:35:36.924236,monitoreo_satelital/blackbox_latest/2026-01-17/latest_20260117_073536.html
2026-01-17T07:36:33.751382,monitoreo_satelital/blackbox_latest/2026-01-17/latest_20260117_073633.html
2026-01-17T07:37:32.969704,monitoreo_satelital/blackbox_latest/2026-01-17/latest_20260117_073732.html
2026-01-17T07:38:33.784581,monitoreo_satelital/blackbox_latest/2026-01-17/latest_20260117_073833.html
2026-01-17T07:39:32.858487,monitoreo_satelital/blackbox_latest/2026-01-17/latest_20260117_073932.html
2026-01-17T07:40:33.913672,monitoreo_satelital/blackbox_latest/2026-01-17/latest_20260117_074033.html
2026-01-17T07:41:37.366707,monitoreo_satelital/blackbox_latest/2026-01-17/latest_20260117_074137.html
2026-01-17T07:42:33.898814,monitoreo_satelital/blackbox_latest/2026-01-17/latest_20260117_074233.html
2026-01-17T07:43:36.059781,monitoreo_satelital/blackbox_latest/2026-01-17/latest_20260117_074336.html
2026-01-17T07:44:39.925266,monitoreo_satelital/blackbox_latest/2026-01-17/latest_20260117_074439.html
2026-01-17T07:45:36.954469,monitoreo_satelital/blackbox_latest/2026-01-17/latest_20260117_074536.html
